SalePrice,OverallQual,GrLivArea,GarageCars,TotalBsmtSF,YearBuilt,Neighborhood,LotArea,KitchenQual
208500,7,1710,2,856,2003,5,8450,1
181500,6,1262,2,1262,1976,24,9600,0
223500,7,1786,2,920,2001,5,11250,1
140000,7,1717,3,756,1915,6,9550,1
250000,8,2198,3,1145,2000,13,14260,1
143000,5,1362,2,796,1993,11,14115,0
307000,8,1694,2,1686,2004,20,10084,1
200000,7,2090,2,1107,1973,16,10382,0
129900,7,1774,2,952,1931,17,6120,0
118000,5,1077,1,991,1939,3,7420,0
129500,5,1040,1,1040,1965,18,11200,0
345000,9,2324,3,1175,2005,15,11924,2
144000,5,912,1,912,1962,18,12968,0
279500,7,1494,3,1494,2006,5,10652,1
157000,6,1253,1,1253,1960,12,10920,0
132000,7,854,2,832,1929,3,6120,0
149000,6,1004,2,1004,1970,12,11241,0
90000,4,1296,2,0,1967,18,10791,0
159000,5,1114,2,1114,2004,19,13695,1
139000,5,1339,1,1029,1958,12,7560,0
325300,8,2376,3,1158,2005,15,14215,1
139400,7,1108,1,637,1930,9,7449,1
230000,8,1795,2,1777,2002,5,9742,1
129900,5,1060,2,1040,1976,10,4224,0
154000,5,1060,1,1060,1968,18,8246,1
256300,8,1600,3,1566,2007,15,14230,1
134800,5,900,2,900,1951,12,7200,1
306000,8,1704,3,1704,2007,15,11478,1
207500,5,1600,1,1484,1957,12,16321,0
68500,4,520,1,520,1927,3,6324,3
40000,4,1317,1,649,1920,9,8500,0
149350,5,1228,1,1228,1966,18,8544,1
179900,8,1234,2,1234,2007,5,11049,1
165500,5,1700,2,1398,1959,12,10552,1
277500,9,1561,2,1561,2005,15,7313,2
309000,8,2452,3,1117,2004,15,13418,1
145000,5,1097,2,1097,1994,5,10859,0
153000,5,1297,2,1297,1954,12,8532,0
109000,5,1057,1,1057,1953,12,7922,1
82000,4,1152,0,0,1955,7,6040,3
160000,6,1324,2,1088,1965,12,8658,0
170000,5,1328,1,1350,1959,23,16905,0
144000,5,884,2,840,1983,19,9180,1
130250,5,938,1,938,1975,5,9200,0
141000,5,1150,1,1150,1959,12,7945,0
319900,9,1752,2,1752,2005,15,7658,2
239686,7,2149,2,1434,2003,11,12822,1
249700,8,1656,3,1656,2006,20,11096,1
113000,4,1452,0,736,1920,17,4456,0
127000,5,955,1,955,1966,18,7742,0
177000,6,1470,2,794,1997,8,13869,0
114500,6,1176,2,816,1934,3,6240,0
110000,5,816,2,816,1963,9,8472,0
385000,9,1842,3,1842,1981,24,50271,1
130000,5,1360,2,384,1955,12,7134,0
180500,6,1425,2,1425,1964,12,10175,0
172500,8,1739,2,970,1999,20,2645,1
196500,7,1720,2,860,2004,5,11645,1
438780,10,2945,3,1410,2006,21,13682,1
124900,5,780,1,780,1972,5,7200,0
158000,6,1158,2,1158,2004,19,13072,1
101000,5,1111,1,530,1920,9,7200,3
202500,8,1370,2,1370,2006,15,6442,1
140000,7,1710,2,576,1921,17,10300,0
219500,7,2034,2,1057,1997,5,9375,1
317000,8,2473,3,1143,2004,15,9591,1
180000,7,2207,2,1947,1970,12,19900,0
226000,7,1479,2,1453,2003,5,10665,1
80000,4,747,1,747,1945,17,4608,0
225000,7,2287,2,1304,1953,4,15593,0
244000,7,2223,2,2223,1973,12,13651,0
129500,4,845,2,845,1982,11,7599,0
185000,7,1718,2,832,1998,8,10141,0
144900,5,1086,2,1086,1954,12,10200,0
107400,3,1605,1,840,1915,17,5790,0
91000,4,988,1,462,1973,10,1596,0
135750,4,952,1,952,1956,12,8475,0
127000,5,1285,1,672,1948,3,8635,0
136500,4,1768,0,1768,1968,18,10778,0
110000,5,1230,2,440,1910,17,10440,0
193500,6,2142,1,896,1968,12,13000,1
153500,6,1337,2,1237,1998,11,4500,0
245000,8,1563,3,1563,2007,20,10206,1
126500,5,1065,2,1065,1960,12,8892,0
168500,7,1474,2,384,1995,8,8530,0
260000,8,2417,2,1288,1991,13,16059,1
174000,6,1560,2,684,2005,8,11911,1
164500,6,1224,2,612,2009,20,3951,1
85000,3,1526,0,1013,1915,9,8470,3
123600,4,990,0,990,1994,5,8070,0
109900,4,1040,2,0,1950,12,7200,0
98600,5,1235,2,1235,1961,12,8500,0
163500,5,964,2,876,1921,6,13360,0
133900,6,2291,2,1214,1910,17,7200,0
204750,6,1786,2,824,1997,5,9337,1
185000,6,1470,2,680,1993,8,9765,0
214000,7,1588,2,1588,1999,5,10264,1
94750,4,960,1,960,1965,7,10921,0
83000,5,835,1,458,1920,7,10625,0
128950,4,1225,0,950,1959,12,9320,0
205000,6,1610,2,1610,1977,16,10603,1
178000,6,1732,2,741,1985,19,9206,1
118964,5,1535,2,0,1979,19,7018,0
198900,7,1226,3,1226,2009,5,10402,1
169500,7,1818,1,1040,1931,9,7758,0
250000,8,1992,2,1053,2003,20,9375,1
100000,4,1047,1,641,1885,17,10800,0
115000,5,789,1,789,1948,17,6000,0
115000,5,1517,0,793,1919,9,8500,3
190000,6,1844,2,1844,1977,16,11751,0
136900,6,1855,1,994,1954,7,9525,0
180000,7,1430,2,384,2000,8,7750,0
383970,7,2696,3,1264,2007,5,9965,2
217000,6,2259,2,1809,1953,6,21000,1
259500,6,2320,1,1028,1945,6,7259,1
176000,6,1458,2,729,1999,20,3230,0
139000,5,1092,1,1092,1962,18,11616,0
155000,5,1125,2,1125,2006,7,8536,0
320000,7,3222,3,1673,1990,19,12376,1
163990,6,1456,2,728,2005,5,8461,1
180000,6,988,2,938,1969,4,21453,0
100000,4,1123,1,732,1939,9,6060,0
136000,6,1080,1,1080,1958,12,9464,0
153900,6,1199,2,1199,1993,19,7892,1
181000,6,1586,2,1362,1979,16,17043,0
84500,6,754,0,520,1935,9,6780,0
128000,6,958,2,1078,1976,14,4928,0
87000,5,840,0,672,1930,17,4388,0
155000,6,1348,2,660,1966,12,7590,0
150000,5,1053,2,1008,1958,12,8973,2
226000,7,2157,2,924,1966,12,14200,1
244000,6,2054,2,992,2000,8,12224,1
150750,5,1327,2,1063,1959,12,7388,1
220000,8,1296,2,1267,2001,23,6853,1
180000,5,1721,2,1461,1968,18,10335,0
174000,7,1682,2,1304,1970,16,10400,0
143000,5,1214,1,1214,1967,12,10355,0
171000,7,1959,3,1907,1988,11,11070,0
230000,8,1852,3,1004,1999,5,9066,1
231500,6,1764,2,928,1997,5,15426,1
115000,4,864,0,864,1971,12,10500,0
260000,7,1734,2,1734,2005,5,11645,1
166000,5,1385,2,910,1952,12,8520,0
204000,7,1501,2,1490,1999,5,10335,1
125000,5,1728,2,1728,1963,18,9100,0
130000,6,1709,2,970,2004,7,2522,1
105000,5,875,1,715,1931,3,6120,0
222500,7,2035,2,884,2001,8,9505,1
141000,7,1080,0,1080,2004,19,7500,1
115000,5,1344,1,896,1936,3,6240,0
122000,5,969,2,969,1975,5,10356,0
372402,8,1710,3,1710,2007,15,13891,1
190000,6,1993,2,825,1971,16,14803,0
235000,6,1252,2,1602,1960,4,13500,0
125000,6,1200,1,1200,1923,17,11340,0
79000,6,1096,0,572,1924,7,9600,0
109500,5,1040,2,0,1950,12,7200,0
269500,8,1968,3,774,2009,23,12003,2
254900,7,1947,2,991,2004,20,12552,1
320000,7,2462,2,1392,2005,8,19378,1
162500,6,1232,2,1232,1984,24,11120,0
412500,9,2668,3,1572,2003,15,13688,2
220000,7,1541,2,1541,2005,15,12182,1
103200,4,882,0,882,1956,17,5500,0
152000,6,1616,1,1149,1926,17,5400,1
127500,5,1355,0,644,1940,7,10106,0
190000,5,1867,1,1617,1955,4,10708,0
325624,8,2161,3,1582,2007,15,10562,2
183500,7,1720,2,840,2004,8,8244,1
228000,8,1707,2,1686,1981,23,16669,0
128500,5,1382,2,720,1941,17,12358,0
215000,6,1656,2,1080,1960,12,31770,0
239000,7,1767,2,1064,1987,21,5306,1
163000,6,1362,2,1362,1961,12,10197,0
184000,6,1651,2,1606,1986,23,12416,0
243000,6,2158,2,1202,1950,7,12615,1
211000,6,2060,2,1151,1988,4,10029,0
172500,5,1920,2,1052,1958,18,13650,1
501837,9,2234,3,2216,2008,21,17423,2
100000,5,968,2,968,1923,17,8520,0
177000,6,1525,2,756,2000,20,2117,1
200100,7,1802,1,793,1920,6,7588,0
120000,5,1340,1,0,1957,7,9060,0
200000,7,2082,2,1362,2003,17,11426,1
127000,5,1252,2,504,1908,3,7438,0
475000,10,3608,3,1107,1892,17,22950,2
173000,7,1217,2,1188,1990,11,9947,1
135000,5,1656,1,660,1916,17,10410,0
153337,5,1224,2,1086,1979,19,7018,0
286000,8,1593,2,1593,2001,21,4923,2
315000,8,2727,2,853,1932,6,10570,1
184000,7,1479,2,725,1972,12,7472,1
192000,7,1431,2,1431,1999,5,9017,1
130000,7,1709,2,970,2004,7,2522,1
127000,5,864,1,864,1972,5,7180,0
148500,6,1456,2,855,1976,14,2280,0
311872,7,1726,3,1726,2007,20,9416,2
235000,8,3112,2,1360,1918,12,25419,1
104000,6,2229,0,755,1912,17,5520,0
274900,8,1713,3,1713,2004,15,9591,2
140000,4,1121,2,1121,2003,7,8546,0
171500,6,1279,2,1196,1977,11,10125,0
112000,6,1310,1,617,1924,17,7000,0
149000,6,848,2,848,2004,5,4438,1
110000,5,1284,1,720,1947,17,3500,0
180500,7,1442,2,1424,1990,8,11851,0
143900,5,1696,1,1140,1962,18,13673,0
141000,4,1100,1,1100,1960,12,12493,0
277000,7,2062,2,1157,1988,19,14364,0
145000,6,1092,2,1092,1964,12,8250,0
98000,5,864,0,864,1925,7,5604,0
186000,6,1212,2,1212,2009,7,10420,1
252678,7,1852,2,900,2009,20,8640,1
156000,5,990,2,990,1995,5,13568,0
161750,6,1392,1,689,1977,5,10900,0
134450,5,1236,1,1070,1957,12,10011,1
210000,7,1436,2,1436,2004,5,8450,1
107000,4,1328,1,686,1925,17,9906,0
311500,7,1954,2,798,1939,6,15660,1
167240,7,1248,2,1248,2005,0,3010,1
204900,7,1498,2,1498,2006,5,8990,1
200000,6,2267,2,1010,2002,8,8068,1
179900,6,1552,2,713,1975,16,11475,0
97000,4,864,2,864,1971,12,10500,0
386250,10,2392,3,2392,2003,15,13472,2
112000,5,1302,1,630,1971,2,1680,0
290000,7,2520,3,1203,1995,13,9950,1
106000,6,987,1,483,1970,2,1869,0
125000,5,912,1,912,1967,18,8521,0
192500,7,1555,2,1373,2005,0,3182,1
148000,6,1194,1,1194,1959,12,8760,0
403000,8,2794,3,1462,1995,13,15138,2
94500,6,987,1,483,1972,2,1680,0
128200,5,894,1,894,1976,5,10650,0
216500,6,1960,2,860,2002,8,7851,1
89500,6,987,1,483,1971,2,1680,0
185500,7,1414,2,1414,2004,5,8773,1
194500,7,1744,2,996,1993,19,9453,1
318000,8,1694,3,1694,2007,15,12030,1
113000,6,1487,1,735,1945,7,8741,0
262500,8,1566,2,1566,2008,20,9000,1
110500,5,866,0,686,1945,17,3880,1
79000,5,1440,1,540,1900,17,5000,0
120000,6,1217,1,626,1980,19,10762,0
205000,7,2110,2,948,1994,19,8880,1
241500,7,1872,2,1845,1988,16,10400,0
137000,6,1928,1,1020,1910,17,9142,3
140000,6,1375,2,1367,1954,12,11310,0
180000,7,1668,2,840,2003,5,11317,1
277000,6,2144,2,1444,1958,4,159000,1
76500,3,1306,0,728,1940,3,5350,3
235000,8,1625,2,1573,2006,6,4750,1
173000,6,1640,2,798,2004,19,8366,1
158000,6,1302,1,1302,1964,12,9350,1
145000,5,1314,1,1314,1957,12,8400,0
230000,7,2291,2,975,1999,8,8738,1
207500,6,1728,2,864,2003,20,8791,1
220000,7,1604,2,1604,2006,5,8814,1
231500,7,1792,2,963,2001,5,12435,1
97000,5,882,1,0,1956,17,12702,0
176000,6,1382,2,1362,1962,12,19296,0
276000,8,2574,3,1482,2007,5,9588,2
151000,6,1212,2,506,1977,18,8471,0
130000,5,1316,2,926,1929,17,5500,0
73000,5,764,2,680,1925,17,5232,0
175500,6,1422,2,1422,1981,16,12090,1
185000,6,1511,2,802,1997,8,11207,0
179500,5,2192,1,720,1939,22,8400,1
120500,5,778,1,740,1940,9,6900,0
148000,6,1113,1,1143,1976,7,7917,0
266000,8,1939,3,1095,2006,20,10728,1
241500,7,1363,2,1385,1954,4,39104,0
290000,8,2270,3,1152,1999,13,11764,1
139000,6,1632,1,1240,1958,12,9600,0
124500,5,816,1,816,1982,11,8314,0
205000,7,1548,2,952,1925,3,7264,2
201000,7,1560,2,1560,2003,11,9196,1
141000,4,864,2,864,1951,8,19138,0
415298,9,2121,3,2121,2006,15,14450,2
192000,7,2022,2,1160,1977,4,10005,0
228500,7,1982,2,807,1989,19,11287,1
185000,6,1262,2,1262,2006,20,7200,1
207500,7,1314,2,1314,2007,15,5063,1
244600,8,1468,3,1468,2008,20,9612,1
179200,6,1575,2,1575,1992,19,8012,1
164700,7,1250,2,625,2006,20,4251,1
159000,6,1734,2,912,1962,12,9786,1
88000,4,858,0,858,1971,12,8125,0
122000,5,900,1,882,1967,18,9819,0
153575,6,1396,1,698,1915,3,8730,0
233230,8,1919,2,1079,2006,5,15611,1
135900,5,1716,0,780,1912,22,5687,3
131000,5,1716,1,768,1949,7,11409,0
235000,7,2263,2,795,1977,16,16659,1
167000,6,1644,2,1416,1953,12,9600,0
142500,6,1003,2,1003,1984,11,7937,0
152000,5,1558,1,910,1950,9,13710,0
239000,7,1950,2,975,1997,20,7399,1
175000,6,1743,2,702,1968,16,11700,0
158500,6,1152,1,1092,1950,6,14000,1
157000,5,1336,1,1165,1953,6,15750,0
267000,8,2452,2,1028,1998,5,16226,1
205000,7,1541,3,1541,2001,5,13704,1
149900,5,894,2,894,1972,5,9800,0
295000,7,3493,3,1470,1880,17,18386,1
305900,8,2000,3,2000,2004,5,10386,1
225000,7,2243,3,700,1990,19,13474,1
89500,6,1406,0,319,1920,9,7920,3
82500,4,861,2,861,1940,7,12342,0
360000,9,1944,3,1896,2003,15,12378,2
165600,6,1501,2,697,1993,8,7685,1
132000,6,972,1,972,1948,12,8000,0
119900,5,1118,2,793,1939,17,7800,0
375000,7,2036,2,2136,1965,23,215245,0
178000,7,1641,2,728,1925,17,9600,2
188500,7,1432,2,716,2004,8,7795,1
260000,7,2353,2,845,1980,16,13005,2
270000,8,1959,3,1088,2006,20,9000,1
260000,7,2646,3,1347,1993,13,9900,1
187500,7,1472,2,1372,1980,16,14115,0
342643,9,2596,3,1249,2006,15,16259,1
354000,8,2468,3,1136,2004,15,12099,1
301000,7,2730,2,1502,1986,19,10380,1
126175,3,1163,1,1162,1955,17,5820,0
242000,7,2978,2,710,1967,12,11275,1
87000,5,803,2,720,1941,9,5000,0
324000,8,1719,2,1719,1993,24,10846,1
145250,6,1383,1,1383,1960,12,11600,0
214500,6,2134,2,844,1916,3,11888,1
78000,5,1192,1,596,1920,9,6402,0
119000,5,1728,1,1728,1964,12,10624,0
139000,5,1056,1,1056,1958,12,8176,0
284000,8,1629,3,3206,2003,15,10655,1
207000,7,1358,2,1358,2004,15,8198,1
192000,6,1638,2,943,1998,8,9042,0
228950,5,1786,2,1499,1965,23,164660,0
377426,9,1922,3,1922,2005,21,14157,1
214000,7,1536,2,1536,2002,5,9135,1
202500,7,1621,2,1208,1984,16,14145,1
155000,6,1215,1,1215,1958,12,12400,0
202900,8,1908,2,967,2002,23,14191,1
82000,4,841,1,721,1950,19,8400,0
87500,3,1040,2,0,1949,12,8544,0
266000,9,1684,2,1684,2005,15,8849,2
85000,5,1112,1,536,1976,10,2592,0
140200,6,1577,1,972,1939,3,6435,3
151500,6,958,1,958,1960,12,12772,0
157500,6,1478,2,1478,1960,12,17600,0
154000,7,1626,2,764,2003,15,2448,1
437154,9,2728,3,1848,2005,15,20431,2
318061,9,1869,2,1869,2007,15,7820,2
190000,7,1453,2,1453,1986,4,5271,1
95000,5,1111,1,616,1941,7,9084,0
105900,6,720,2,624,1928,17,8520,0
140000,6,1595,1,940,1940,22,8400,0
177500,6,1200,2,1200,1995,5,11249,1
173000,6,1167,2,1158,1992,8,9248,1
134000,5,1142,2,1142,1976,10,4224,0
130000,5,1352,1,1062,1958,4,6930,1
280000,8,1924,2,1086,1998,13,12011,1
156000,6,912,2,888,1978,11,7540,0
145000,5,1505,1,883,1940,3,9144,0
198500,7,1922,2,0,2003,7,7301,1
118000,6,987,1,483,1972,2,1680,1
190000,6,1574,2,796,1976,16,18800,0
147000,5,1344,1,672,1920,9,10690,0
159000,6,1394,2,1394,1963,12,9500,0
165000,6,1431,1,1099,1962,12,9150,0
132000,5,1268,1,1268,1954,12,7800,0
162000,5,1287,2,1063,1959,12,9830,1
172400,6,1664,2,953,2000,8,8121,0
134432,4,1588,2,0,1959,4,17120,0
125000,6,752,1,744,1984,19,7175,0
123000,5,1319,1,608,1953,12,10634,0
219500,7,1928,2,847,2003,5,8200,1
61000,1,904,0,683,1922,7,10020,3
148000,5,914,2,870,1996,5,8846,0
340000,8,2466,2,1580,2004,20,11143,1
394432,9,1856,3,1856,2010,21,11394,2
179000,6,1800,2,982,2000,8,8123,0
127000,5,1691,1,1026,1924,22,5000,1
187750,7,1301,2,1293,2006,20,7200,1
213500,7,1797,2,939,2006,5,9245,1
76000,6,784,2,784,1928,19,9000,0
240000,6,1953,2,1580,1992,4,53107,1
192000,8,1269,2,1256,2004,0,3182,1
81000,5,1184,0,658,1910,7,8410,0
125000,6,1125,1,1041,1976,7,7200,0
191000,7,1479,2,1468,1999,5,9382,1
426000,10,2332,3,1682,2007,15,12474,2
119000,5,1367,1,861,1900,7,8405,0
215000,6,1961,2,804,2001,11,12209,1
106500,5,882,1,0,1959,12,8339,0
100000,4,788,0,788,1941,3,7446,0
109000,5,1034,1,735,1940,17,10134,0
129000,5,1144,1,1144,1956,7,9571,0
123000,5,894,2,894,1972,5,7200,0
169500,5,1812,1,864,1962,12,7590,0
67000,5,1077,1,961,1920,9,8967,0
241000,7,1550,2,1092,2006,20,8125,1
245500,8,1288,2,1260,1996,24,14963,2
164990,7,1310,2,1310,2005,5,8767,1
108000,5,672,1,672,1940,18,10200,0
258000,8,2263,2,1141,1998,13,12090,1
168000,6,1572,2,806,1995,8,10364,0
150000,4,1620,2,1281,1976,18,9991,0
115000,6,1639,1,1064,1936,22,10480,0
177000,6,1680,1,840,1915,6,15576,0
280000,7,2172,3,1063,2006,15,14154,1
339750,8,2078,3,1034,2007,20,10800,2
60000,5,1276,1,1276,1958,7,9571,0
145000,5,1056,2,1056,1955,8,34650,0
222000,7,1478,2,1470,2009,20,4403,1
115000,5,1028,2,1008,1927,17,8960,0
228000,7,2097,3,1080,1993,19,11228,1
181134,7,1340,2,1340,2007,8,8899,1
149500,6,1400,2,672,1978,18,7844,0
239000,6,2624,3,1370,1918,6,22420,0
126000,5,1134,1,756,1940,7,8160,0
142000,5,1056,1,1056,1968,12,8450,0
206300,7,1344,4,1344,1997,11,7060,0
215000,6,1602,2,1602,1977,16,16635,1
113000,5,988,2,988,1954,11,21750,0
315000,8,2630,3,1470,1998,13,9200,1
139000,6,1196,1,1196,1956,12,9000,0
135000,7,1389,1,651,1946,17,3378,0
275000,7,1644,2,1518,1989,19,12800,1
109008,4,907,1,907,1957,12,8593,0
195400,7,1208,2,1208,2007,5,6762,1
175000,6,1412,2,1392,1988,23,11457,1
85400,6,987,1,483,1971,2,1680,0
79900,6,1198,0,901,1920,17,5586,0
122500,5,1365,2,765,1971,2,1920,0
181000,6,1604,2,926,1997,8,10839,0
81000,4,630,0,630,1972,10,1890,0
212000,7,1661,2,799,1996,5,10667,1
116000,6,1118,2,648,1920,17,4400,0
119000,6,904,1,884,1926,3,6000,0
90350,5,694,1,440,1913,6,4280,1
110000,6,1196,2,684,1920,7,12354,1
555000,10,2402,3,3094,2008,15,15431,2
118000,4,1440,0,1440,1955,7,12108,3
162900,5,1573,2,1078,1930,3,6240,0
172500,7,1258,3,1258,2006,0,3922,1
210000,7,1908,2,915,1994,5,8750,1
127500,6,1689,2,1436,1956,7,9855,0
190000,6,1888,2,1517,1966,12,16492,1
199900,7,1886,2,930,1998,8,11214,1
119500,6,1376,1,780,1937,9,8600,0
120000,3,1183,1,649,1948,17,6000,0
110000,6,813,1,813,1930,17,5684,1
280000,7,1533,2,1533,1975,4,70761,1
204000,6,1756,2,872,1996,23,9303,0
210000,8,1590,2,768,2008,20,9000,1
188000,5,1728,2,1728,1976,11,9297,0
175500,7,1242,2,1242,1973,16,9600,0
98000,5,1344,3,624,1916,17,4571,0
256000,4,1663,2,1364,1954,4,53227,1
161000,8,1666,1,588,1925,17,5100,1
110000,5,1203,1,709,1950,3,7015,1
263435,8,1935,2,832,2009,20,8004,0
155000,7,1135,2,560,1936,22,7200,1
62383,5,864,1,864,1965,18,8281,0
188700,6,1660,1,715,1934,6,11988,0
124000,5,1040,0,1040,1978,5,8430,0
178740,7,1414,2,1375,2004,0,3072,1
167000,7,1277,2,1277,1970,12,10628,0
146500,5,1644,1,728,1942,12,9480,1
250000,8,1634,3,1626,2006,15,11428,1
187000,6,1710,2,832,1993,19,9291,1
212000,8,1502,2,1488,1985,21,6820,1
190000,7,1969,2,808,1977,16,11952,0
148000,6,1072,2,547,2005,7,3675,0
440000,8,1976,3,1976,2006,15,14977,1
251000,8,1652,2,1494,2000,21,5330,2
132500,5,970,2,970,1963,18,8480,0
208900,6,1493,2,1478,1997,5,13125,1
380000,9,2643,3,2153,2006,15,13693,2
297000,8,1718,3,1705,2007,5,10637,1
89471,4,1131,2,907,1937,17,5925,0
326000,9,1850,3,1833,2004,15,16033,1
374000,9,1792,3,1792,2003,15,11846,2
155000,7,1826,1,910,1915,17,2500,2
164000,6,1216,2,1216,1998,11,4500,0
132500,5,999,1,999,1962,18,7758,1
147000,5,1113,1,1113,1950,12,9600,1
156000,5,1073,2,1073,1965,12,10289,0
175000,5,1484,2,1484,1971,16,12243,0
160000,5,2414,2,954,1900,17,10800,0
86000,4,630,1,630,1970,10,1526,1
115000,5,1304,1,264,1976,10,2665,0
133000,6,1578,1,806,1941,12,9490,3
172785,6,1456,2,728,2006,8,15578,0
155000,5,1269,1,1269,1960,12,7931,0
91300,5,886,1,190,1938,17,5784,0
34900,4,720,0,720,1920,9,7879,0
430000,8,3228,2,3200,1992,13,12692,1
184000,7,1820,1,1026,1925,3,9120,0
130000,5,899,1,864,1967,18,7800,1
120000,5,912,1,912,1958,12,7535,0
113000,6,1218,1,672,1973,2,1890,0
226700,7,1768,2,866,2005,20,9803,1
140000,5,1214,2,1214,1965,7,9170,0
289000,7,1801,2,1501,1959,6,15602,0
147000,6,1322,2,855,1974,14,2308,0
124500,5,1960,2,960,1952,17,7596,0
215000,8,1911,2,777,1993,19,9554,1
208300,6,1218,2,1218,2009,20,7862,1
161000,7,1378,2,689,1928,17,9600,1
124500,5,1041,1,1041,1959,12,9600,0
164900,5,1363,1,1008,1951,12,14559,0
202665,7,1368,2,1368,2005,15,6792,1
129900,5,864,2,864,1958,12,9100,0
134000,6,1080,2,1084,1983,11,9187,0
96500,5,789,1,768,1926,6,10594,0
402861,10,2020,3,2006,2009,15,12220,2
158000,6,2119,2,689,1972,16,10448,0
265000,7,2344,3,1264,1996,13,10208,1
211000,6,1796,2,794,1998,5,9531,0
234000,7,2080,1,1276,1926,6,10918,1
106250,4,1294,0,0,1900,17,10800,0
150000,6,1244,1,1244,1957,12,11988,0
159000,6,1664,2,1004,1947,3,5000,0
184750,10,4676,3,3138,2007,7,40094,2
315750,7,2398,3,1379,1996,13,11787,1
176000,7,1266,2,1257,2005,20,7500,1
132000,5,928,1,928,1956,12,13300,0
446261,9,2713,3,1452,2008,15,14948,2
86000,4,605,0,528,1920,7,9098,0
200624,6,2515,2,2035,1957,6,32668,0
175000,6,1509,2,1461,1988,23,10200,1
128000,6,1362,2,611,1920,3,6155,0
107500,5,827,1,0,1955,12,7200,0
39300,1,334,0,0,1946,3,5000,3
178000,8,1414,2,707,2004,8,9056,1
107500,5,1347,0,1117,1910,7,7000,0
188000,7,1724,2,880,1998,5,8924,1
111250,4,864,2,864,1972,12,12735,0
158000,5,1159,1,1051,1968,18,11553,0
272000,8,1601,2,1581,2001,5,11423,1
315000,9,1838,3,1838,2006,23,14601,2
248000,8,2285,3,969,2000,13,11000,1
213250,7,1680,2,1650,1998,16,10140,1
133000,7,767,1,723,1998,12,4058,0
179665,7,1496,2,654,2006,8,17104,1
229000,7,2183,3,1204,1988,16,13837,1
210000,6,1635,2,1065,1923,3,8737,0
129500,5,768,2,768,1970,11,7244,0
125000,5,825,2,825,1955,17,8235,0
263000,7,2094,2,912,2003,20,9375,1
140000,6,1069,2,1069,1977,14,4043,0
112500,5,928,1,928,1957,17,6000,0
255500,8,1717,3,1709,2006,15,11146,1
108000,4,1126,2,0,1949,7,8777,1
284000,7,2046,3,998,2003,15,10625,1
113000,5,1048,1,993,1922,3,6380,0
141000,5,1092,1,1092,1957,12,14850,0
108000,4,1336,1,637,1920,9,11040,0
175000,7,1446,2,729,1996,8,21872,0
234000,7,1557,2,1374,2003,0,3196,1
121500,5,1392,2,1392,1957,18,11341,0
170000,5,1389,2,1389,1974,11,10010,0
108000,5,996,0,996,1940,7,13907,0
185000,6,1674,2,1163,1918,7,21780,0
268000,7,2295,2,1095,1992,13,13346,1
128000,6,1647,1,806,1915,22,6858,3
325000,9,2504,3,1122,2005,21,11198,2
214000,7,1535,2,1517,2004,15,10171,1
316600,8,2132,2,1496,1983,19,12327,1
135960,5,943,2,943,1979,12,7032,0
142600,5,1728,2,1728,1965,12,13101,0
120000,6,864,1,864,1959,12,7332,1
224500,7,1692,2,846,2009,23,13159,1
170000,7,1430,2,384,2000,8,9967,0
139000,5,1109,1,372,1971,12,10500,0
118500,5,1216,1,832,1947,12,8480,0
145000,7,1477,1,861,1928,22,6292,0
164500,5,1320,2,1164,1966,18,11777,0
146000,7,1392,2,689,2007,20,3604,1
131500,5,1795,1,1050,1954,17,12150,0
181900,6,1429,2,1144,1960,12,14585,1
253293,8,2042,3,2042,2008,15,12704,2
118500,6,816,0,816,1990,7,11841,0
325000,10,2775,2,1237,1893,17,13500,1
133000,4,1573,1,884,1935,3,6120,1
369900,8,2028,3,1868,2005,23,11443,1
130000,6,838,1,816,1918,3,10267,3
137000,5,860,2,840,1982,18,8740,0
143000,5,1473,1,1437,1968,4,25095,2
79500,5,935,1,742,1930,3,9100,0
185900,7,1582,2,770,2004,5,8320,1
451950,10,2296,3,1722,2008,15,13478,2
138000,5,816,2,816,1982,11,6600,0
140000,6,848,2,848,2003,5,4435,1
110000,5,924,1,924,1975,5,7990,0
319000,8,1826,3,1814,2005,21,11302,1
114504,6,1368,1,684,1910,17,3600,0
194201,7,1402,3,1258,2006,0,3922,1
217500,5,1647,2,1430,1977,6,12984,1
151000,6,1556,2,716,1980,1,1950,0
275000,8,1904,2,1058,2005,15,10927,2
141000,6,1375,1,780,1937,9,9000,1
220000,8,1915,2,908,1992,19,10041,1
151000,7,1200,2,600,2004,20,3182,1
221000,7,1494,2,1494,2002,5,12803,1
205000,7,1986,2,768,1965,12,13600,0
152000,5,1040,2,1040,1996,5,12464,1
225000,5,2008,1,896,1948,7,7800,2
359100,8,3194,2,965,1934,6,12168,0
118500,4,1029,1,1029,1961,18,7943,0
313000,9,2153,3,1440,2000,5,11050,2
148000,6,1032,2,1032,1978,16,10395,0
261500,8,1872,2,1299,2001,5,11885,2
147000,5,1120,0,1120,2007,11,8402,0
75500,4,630,0,630,1972,10,1491,0
137500,6,1054,2,936,1963,12,8800,1
183200,6,1509,2,783,2002,8,7861,1
105500,6,832,2,832,1954,12,7227,1
314813,9,1828,3,1822,2007,15,11694,1
305000,8,2262,3,1482,2003,23,12244,1
67000,3,864,0,864,1914,7,8248,0
240000,6,2614,2,1522,1974,16,10800,0
135000,5,980,2,980,1977,18,7064,0
168500,6,1512,2,756,2000,20,2117,1
165150,6,1790,2,732,1972,16,10400,0
160000,6,1116,2,1116,1962,12,10000,0
139900,5,1422,1,978,1960,12,12342,0
153000,6,1520,1,1156,1955,12,9600,0
135000,5,2080,2,1040,1969,12,11606,3
168500,6,1350,2,1248,1964,12,9020,0
124000,5,1750,1,636,1880,17,9000,2
209500,8,1554,2,1554,2006,15,4590,1
82500,7,1411,2,1386,1977,16,11900,0
139400,5,1056,1,1056,1954,12,9250,0
144000,6,1056,2,1056,1980,17,6979,0
200000,6,3395,0,1440,1914,22,10896,3
60000,2,800,0,264,1936,3,6120,3
93000,5,1387,1,811,1954,17,6000,1
85000,5,796,0,796,1910,7,8777,0
264561,8,1567,3,1520,2006,0,3982,2
274000,8,1518,2,1518,2003,15,12677,2
226000,7,1929,2,1057,2001,20,7050,1
345000,8,2704,2,1952,1972,12,13860,2
152000,5,1620,2,780,1969,16,10793,0
370878,9,1766,3,1766,2009,20,9187,2
143250,6,981,2,981,1971,12,10530,0
98300,5,1048,2,0,1950,12,7200,0
155000,6,1094,2,1094,1953,7,10452,0
155000,6,1839,2,756,1966,12,7700,0
84500,4,630,0,630,1970,10,1936,0
205950,7,1665,2,813,2007,20,8125,1
108000,4,1510,1,755,1940,7,9084,0
191000,7,1716,2,880,1996,5,8750,1
135000,6,1469,1,756,1906,9,10320,0
350000,8,2113,3,2109,1995,13,10437,1
88000,6,1092,1,525,1971,2,1680,0
145500,5,1053,1,1053,1959,12,10007,1
149000,7,1502,1,776,1931,6,7200,0
97500,6,1458,1,912,1948,12,17503,0
167000,5,1486,2,1486,1964,7,9937,0
197900,7,1935,2,793,1976,16,12384,0
402000,8,2448,3,1629,1994,13,46589,1
110000,6,1392,2,1392,1968,12,13560,0
137500,4,1181,2,1138,1972,7,10012,0
423000,8,2097,3,2077,2005,20,20896,2
230500,8,1936,2,1406,2000,8,11194,1
129000,6,2380,2,1021,1965,12,18450,0
193500,6,1679,2,1408,1994,19,8125,1
168000,5,1437,2,1188,1956,18,14175,0
137500,4,1180,1,700,1922,6,11600,3
173500,6,1476,2,738,2005,5,8633,1
103600,6,1369,1,672,1925,7,6629,0
165000,6,1208,2,1208,1977,24,11250,0
257500,6,1839,2,1477,1957,6,14442,1
140000,6,1136,1,1136,1965,12,9200,0
148500,6,1441,2,855,1978,14,2289,0
87000,4,1774,3,1095,1900,17,9600,0
109500,5,792,1,768,1924,17,9022,1
372500,8,2046,3,2046,2008,21,11844,1
128500,5,988,2,988,1961,18,9945,0
143000,6,923,1,923,1980,19,8012,0
159434,5,1520,1,793,1932,22,4500,0
173000,6,1291,2,1291,1996,4,2887,1
285000,9,1668,3,1626,2002,5,11248,1
221000,7,1839,2,1195,1998,13,16770,0
207500,7,2090,2,1190,1984,21,5062,1
227875,7,1761,2,874,2007,20,10207,1
148800,7,1102,2,551,2004,20,5105,1
392000,8,1419,2,1419,2007,21,8089,1
194700,6,1362,2,1362,2005,15,7577,1
141000,6,848,2,848,2004,5,4426,1
755000,10,4316,3,2444,1994,13,21535,2
335000,7,2519,2,1210,1989,23,26178,1
108480,5,1073,1,1073,1921,17,5400,0
141500,5,1539,2,927,1936,3,6120,0
176000,6,1137,2,1112,1987,23,13811,1
89000,5,616,1,616,1921,3,6000,0
123500,5,1148,1,980,1952,7,6420,0
138500,5,894,1,894,1965,18,8450,0
196000,7,1391,2,1391,2004,20,4282,1
312500,8,1800,3,1800,2002,23,14331,1
140000,7,1164,2,1164,1969,16,9600,0
361919,8,2576,3,1234,2006,21,12438,2
140000,5,1812,2,360,1900,17,7630,1
213000,7,1484,2,1473,2004,5,8400,1
55000,4,1092,0,0,1930,9,5600,3
302000,7,1824,2,1643,1971,4,115149,1
254000,8,1324,2,1324,2006,15,6240,1
179540,7,1456,2,728,2007,8,9018,1
109900,5,904,1,876,1966,18,7162,0
52000,3,729,0,270,1935,3,4130,0
102776,4,1178,1,859,1900,9,8712,0
189000,8,1228,2,1228,1988,21,4671,1
129000,4,960,2,960,1970,3,9873,0
130500,6,1479,2,725,1976,18,13517,1
165000,6,1350,2,1064,1974,16,10140,0
159500,7,2554,2,718,1890,17,10800,0
157000,5,1178,2,1176,1973,16,10000,1
341000,7,2418,3,1311,1993,13,10542,1
128500,5,971,1,971,1969,5,9920,0
275000,8,1742,2,1742,1985,21,6563,1
143000,6,848,2,848,2004,5,4426,1
124500,4,864,2,864,1970,12,8120,0
135000,4,1470,1,941,1954,7,8172,0
320000,9,1698,3,1698,2007,7,13286,2
120500,4,864,2,864,1970,12,6960,1
222000,6,1680,2,880,1988,6,21695,1
194500,7,1232,2,1232,2007,5,7314,1
110000,5,1776,3,1584,1958,12,11475,0
103000,4,1208,2,780,1925,9,6240,0
236500,8,1616,2,1595,1995,21,5389,1
187500,7,1146,2,868,2003,23,9590,1
222500,7,2031,2,1153,1998,5,11404,1
131400,5,1144,1,864,1961,18,10000,0
108000,5,948,1,948,1968,18,8978,0
163000,7,1768,2,880,1914,17,10800,0
93500,3,1040,2,0,1950,12,8544,0
239900,8,1801,3,893,2005,8,10463,1
179000,5,1200,0,1200,1987,7,10800,0
190000,7,1728,2,864,2004,5,9313,1
132000,5,1432,2,264,1910,17,9600,0
142000,6,912,1,912,1961,18,6768,1
179000,7,1349,2,1349,2000,19,8450,0
175000,5,1464,2,520,1963,18,12886,0
180000,8,1337,2,1337,1993,21,5395,1
299800,8,2715,2,1142,1976,16,8963,1
236000,7,2256,2,952,2000,8,8795,1
265979,7,2640,4,1240,1880,17,11700,1
260400,7,1720,2,1720,1996,13,10593,1
98000,4,1529,1,0,1945,7,8405,0
96500,4,1140,0,576,1910,17,8800,0
162000,7,1320,2,660,2003,8,7750,1
217000,6,1494,2,1479,1997,5,9236,1
275500,8,2098,3,1030,2005,15,10240,2
156000,6,1026,2,1026,1969,12,7930,1
172500,6,1471,2,729,1999,20,3230,0
212000,8,1768,2,866,2007,5,10769,1
158900,6,1386,2,672,1978,18,11616,0
179400,7,1501,2,744,1999,20,2280,0
290000,8,2531,3,1318,1995,13,12257,1
127500,6,864,1,864,1959,12,9100,0
100000,5,1301,2,1145,1924,3,6911,3
215200,7,1547,2,756,2009,20,8640,1
337000,8,2365,3,1252,1999,13,9430,1
270000,8,1494,2,1494,1995,24,9549,2
264132,9,1506,2,1498,2008,20,14587,2
196500,7,1714,2,980,1988,16,10421,0
160000,6,1750,1,983,1940,11,12508,0
216837,7,1836,2,1860,2004,5,9100,1
538000,8,3279,3,1650,2003,21,53504,2
134900,5,858,2,858,1982,18,7252,0
102000,4,1220,2,836,1951,7,8877,0
107000,6,1117,2,1029,1976,7,7819,0
114500,5,912,1,912,1958,12,10150,0
395000,8,1973,3,1935,2006,15,14226,1
162000,6,1204,2,1204,1998,11,4500,0
221500,7,1614,3,1614,2005,5,11210,1
142500,5,894,2,864,1974,18,13350,0
144000,5,2020,2,0,1977,19,8400,0
135000,6,1004,2,975,1977,11,10530,0
176000,7,1253,2,1237,1995,8,7875,0
175900,6,1603,2,761,1992,19,7153,1
187100,7,1430,2,1413,2001,5,16285,1
165500,5,1110,2,1097,1978,11,9101,1
128000,6,1484,0,742,1914,17,6300,0
161500,6,1342,2,1372,1967,16,9790,0
139000,5,1652,1,686,1915,17,10800,0
233000,7,2084,2,956,2004,19,10142,1
107900,4,901,1,901,1954,17,6000,0
187500,6,2087,2,832,1966,4,12205,1
160200,7,1145,2,1145,2005,0,3182,1
146800,6,1062,2,1029,1976,11,11333,0
269790,7,2013,2,1117,1996,13,9920,0
225000,8,1496,2,1496,2007,20,9158,1
194500,7,1895,2,712,1994,8,10832,1
171000,6,1564,2,650,1980,19,8400,0
143500,6,1285,2,660,1977,18,8197,0
110000,5,773,1,773,1953,12,7677,0
485000,9,3140,3,1926,2008,15,13518,2
175000,5,1768,1,731,1937,22,7200,1
200000,6,1688,2,616,1997,4,12798,1
109900,4,1196,2,1196,1916,9,4800,0
189000,7,1456,2,728,2005,5,8199,1
582933,9,2822,3,1734,2008,15,13891,2
118000,5,1128,1,936,1954,12,9000,0
227680,7,1428,2,1417,2008,20,12274,2
135500,5,980,1,980,1967,12,9750,0
223500,5,1576,2,1324,1923,3,21384,1
159950,5,1086,2,1024,1966,12,13400,0
106000,5,2138,2,849,1898,17,8100,0
181000,6,1309,2,1040,1974,16,10140,1
144500,6,848,2,848,2004,5,4438,1
55993,5,1044,2,540,1952,9,8712,3
157900,6,1442,1,1442,1958,12,9750,0
116000,5,1250,1,686,1918,7,8248,3
224900,7,1661,2,1649,1998,5,12137,1
137000,5,1008,1,1008,1954,12,11425,0
271000,8,1689,3,1568,2002,11,13265,1
155000,6,1052,2,1010,1971,4,8816,0
224000,7,1358,2,1358,2009,15,6371,1
183000,7,1640,2,798,2003,5,7226,1
93000,4,936,2,936,1953,17,6000,0
225000,7,1733,2,847,2003,8,12394,1
139500,6,1489,1,778,1940,22,9900,0
232600,8,1489,2,1489,2006,20,11216,1
385000,10,2084,3,2078,2007,15,14803,2
109500,5,784,0,784,1924,3,6130,1
189000,7,1434,2,1454,2001,19,8529,1
185000,5,2126,2,1013,1967,4,28698,0
147400,7,1223,2,600,2005,20,2544,1
166000,6,1392,2,1392,1957,12,11900,0
151000,7,1200,2,600,2005,20,3180,1
237000,7,1829,2,941,2003,5,9548,1
167000,6,1516,2,1516,1964,12,10004,0
139950,5,1144,2,1144,1961,12,7875,0
128000,4,1067,2,1067,1950,18,9600,1
153500,5,1559,2,1559,1948,17,8100,0
100000,6,987,1,483,1973,2,1680,0
144000,5,1099,1,1099,1995,5,9525,1
130500,5,1200,1,768,1946,7,11767,0
140000,6,1482,1,672,1925,22,12155,3
157500,5,1539,2,650,1904,17,10440,1
174900,6,1165,2,1127,1966,12,9020,0
141000,5,1800,0,1800,1961,12,8000,0
153900,5,1416,3,876,1915,17,12665,0
171000,5,1701,2,1390,1975,18,16647,0
213000,7,1775,2,740,1993,19,9317,1
133500,5,864,1,864,1972,5,15523,0
240000,6,2358,2,907,1908,4,45600,0
187000,6,1855,2,528,1976,24,9600,0
131500,6,848,2,848,2003,5,4435,1
215000,8,1456,2,1273,2003,0,3196,1
164000,7,1646,1,918,1941,6,7128,0
158000,6,1445,2,1127,1964,12,12095,0
170000,5,1779,2,1763,1955,18,17920,0
127000,5,1040,1,1040,1962,18,6897,0
147000,6,1026,2,940,1978,5,10970,0
174000,6,1481,2,702,1994,8,8125,0
152000,7,1370,2,1090,1976,16,10400,0
250000,6,2654,2,1054,1968,16,11029,1
189950,7,1426,1,912,1918,6,7642,1
131500,5,1039,2,1039,1965,18,11625,0
152000,6,1097,2,1040,1984,19,9672,0
132500,5,1148,1,1148,1959,12,7931,0
250580,7,1372,2,1372,2007,20,8640,1
148500,5,1002,2,1002,1970,12,8750,0
248900,8,1646,3,1638,2006,23,10656,1
129000,4,1120,2,1040,1961,18,6970,3
169000,5,2320,2,0,1948,8,14762,0
236000,7,1949,2,1050,1993,19,9938,1
109500,5,894,1,894,1962,12,6600,0
200500,6,1682,2,804,1998,5,8750,1
116000,5,910,2,105,1953,12,8892,1
133000,5,1268,1,832,1949,12,12144,0
66500,5,1131,1,676,1941,17,5720,0
303477,8,2610,2,1184,2007,20,9000,2
132250,4,1040,2,1064,1963,11,25286,0
350000,9,2224,3,1462,2004,15,8834,2
148000,5,1155,2,1109,1961,18,11782,1
136500,5,864,1,864,1978,5,7000,0
157000,5,1090,2,1090,2005,7,7024,0
187500,7,1717,2,1156,1990,23,13758,1
178000,6,1593,2,808,1992,8,9636,0
118500,4,2230,1,795,1912,22,6204,0
100000,5,892,1,892,1967,12,7150,0
328900,9,1709,2,1698,1999,20,5119,1
145000,5,1712,2,1626,1959,12,8393,0
135500,5,1393,1,816,1955,7,16466,0
268000,8,2217,2,2217,1970,12,15865,1
149500,6,1505,2,1505,1953,12,12160,0
122900,5,924,2,672,1949,12,8064,0
172500,6,1683,2,918,1978,18,11184,0
154500,6,1068,1,1059,1963,18,8414,0
165000,5,1383,1,1383,1954,18,13284,0
118858,5,1535,2,0,1979,19,7018,0
140000,6,1796,2,780,1963,12,7056,0
106500,4,951,1,951,1936,9,8765,0
142953,5,2240,2,0,1979,19,7018,0
611657,9,2364,3,2330,2009,15,12919,2
135000,5,1236,1,912,1961,18,6993,0
110000,4,858,1,858,1971,12,7340,0
153000,5,1306,1,992,1957,12,8712,0
180000,7,1509,2,783,2003,8,7875,1
240000,7,1670,3,1670,2006,8,14859,1
125500,5,902,1,876,1967,18,6173,0
128000,5,1063,1,1056,1954,12,9920,0
255000,8,1636,3,1623,2006,20,13501,1
250000,7,2057,1,1017,1936,6,11500,1
131000,5,902,2,864,1983,11,8885,0
174000,6,1484,2,742,2005,8,12589,1
154300,5,2274,2,1105,1960,12,11600,0
143500,5,1268,1,1268,1977,5,9286,1
88000,5,1015,1,768,1925,3,6120,0
145000,5,2002,3,1001,1949,6,6270,0
173733,6,1224,2,612,2009,20,3000,1
75000,4,1092,1,546,1970,10,2001,0
35311,2,480,1,480,1949,9,9000,0
135000,4,1229,1,1134,1956,7,17140,0
238000,7,2127,3,1104,1991,19,13125,1
176500,6,1414,2,1184,1958,12,11029,0
201000,6,1721,2,928,1994,19,8462,1
145900,5,2200,0,1272,1900,7,8777,0
169990,6,1316,2,1316,2005,8,10237,1
193000,6,1617,2,1604,1993,19,8012,1
207500,6,1686,2,1686,1980,16,10240,0
175000,5,1126,2,1126,1977,16,15611,2
285000,8,2374,3,1181,2003,15,11999,2
176000,7,1978,2,832,1968,16,9900,0
236500,8,1788,2,1753,2001,5,11838,2
222000,7,2236,2,964,1997,8,13006,1
201000,8,1466,3,1466,2007,23,8925,1
117500,5,925,1,925,1965,12,9100,0
320000,9,1905,3,1905,2006,20,11670,2
190000,7,1500,2,1500,2004,5,8487,1
242000,7,2069,2,585,1960,12,27650,1
79900,4,747,2,600,1926,3,5825,0
184900,7,1200,2,1176,2003,19,10083,1
253000,7,1971,2,1113,2005,20,9675,1
239799,7,1962,3,1391,2006,5,8760,1
244400,7,2403,1,1032,1940,4,24090,0
150900,6,1728,2,1728,1976,11,12640,0
214000,7,2060,2,992,1999,8,8755,1
150000,4,1440,0,1440,1977,7,7711,0
143000,5,1632,2,1632,1967,11,25000,0
137500,6,1344,2,819,1958,23,14375,1
124900,5,1869,2,1088,1890,17,8820,0
143000,5,1144,1,1144,1959,12,8163,0
270000,8,1629,3,1616,2002,23,14536,1
192500,7,1776,2,936,2002,5,14006,1
197500,6,1381,2,1161,1972,16,9360,1
129000,5,864,2,864,1950,12,7200,1
119900,5,965,1,828,1965,19,7800,0
133900,5,768,1,768,1972,5,7200,0
172000,5,1968,2,784,1969,11,11075,0
127500,6,980,0,945,1975,7,9400,0
145000,6,1958,2,979,1946,6,7136,0
124000,6,1229,2,561,1980,1,1300,0
132000,5,1057,2,1057,1962,18,7420,0
185000,7,1337,2,1337,2003,5,8450,1
155000,7,1416,2,696,1999,20,2572,1
116500,5,858,0,858,1958,3,7207,0
272000,6,2872,2,1330,1977,16,12227,0
155000,6,1548,2,804,1976,14,2308,1
239000,9,1800,2,1800,2007,5,11923,2
214900,7,1894,2,817,2002,23,11316,1
178900,6,1484,2,783,2005,8,10237,1
160000,5,1308,1,728,1940,6,9600,0
135000,5,1098,1,1098,1955,12,7390,0
37900,3,968,0,600,1910,17,5925,0
140000,6,1095,1,588,1958,12,10382,0
135000,4,1192,0,720,1949,12,10800,0
173000,7,1626,2,764,2003,15,2268,1
99500,6,918,1,918,1979,19,7892,0
182000,7,1428,2,1428,2007,20,11639,1
167500,7,2019,2,728,1910,3,11414,1
165000,7,1382,2,673,2000,20,2651,1
85500,4,869,0,440,1923,3,5900,3
199900,7,1241,2,1241,2006,20,4274,1
110000,4,894,2,894,1954,7,9450,0
139000,5,1121,2,1121,1963,18,8816,0
178400,7,999,2,944,1961,12,12122,2
336000,8,2612,3,1225,1998,13,12203,1
159895,7,1266,2,1266,2007,0,3182,1
255900,8,2290,2,1128,2002,5,11250,1
126000,5,1734,2,0,1977,11,10125,1
125000,5,1164,1,1164,1950,7,10880,0
117000,6,1635,1,485,1910,17,5310,1
395192,9,1940,3,1930,2009,15,10159,2
195000,6,2030,2,848,1976,16,12046,1
197000,7,1576,2,770,2006,20,8125,1
348000,8,2392,3,1396,1997,13,9452,1
168000,8,1742,2,916,1882,17,17671,1
187000,6,1851,2,822,1964,12,9760,1
173900,6,1500,2,750,2005,5,8846,1
337500,10,1718,3,1700,2006,15,12456,2
121600,4,1230,1,747,1946,3,4712,0
136500,5,1050,1,1050,1961,12,10659,0
185000,6,1442,2,1442,1970,16,11717,0
91000,3,1077,1,1007,1922,9,9786,0
206000,7,1208,2,1187,2006,5,6762,1
82000,3,944,2,0,1952,7,10206,3
86000,5,691,1,691,1920,17,5400,2
232000,8,1574,3,1574,2006,20,11957,1
136905,5,1680,2,1680,1976,16,11500,0
181000,7,1504,2,1346,2005,0,3182,1
149900,5,985,1,985,1977,5,8385,0
163500,6,1657,2,1657,1970,12,12155,0
88000,4,1092,1,546,1970,10,2217,0
240000,7,1710,2,1710,2004,11,12118,1
102000,5,1522,0,1008,1926,22,6000,0
135000,5,1271,1,720,1948,18,21286,0
100000,5,1664,0,0,1965,7,9825,0
165000,6,1502,1,602,1923,6,10592,1
85000,5,1022,1,1022,1910,17,7200,0
119200,6,1082,1,1082,1948,12,11664,0
227000,8,1665,2,810,2001,16,8400,1
203000,7,1504,2,1504,1996,5,11883,1
187500,8,1360,2,1220,1984,21,5814,1
160000,7,1472,2,384,1991,8,10784,1
213490,7,1506,2,1362,2005,0,3013,1
176000,4,1132,2,1132,2005,7,7024,1
194000,7,1220,2,1199,2006,5,7406,1
87000,5,1248,1,912,1930,17,9439,0
191000,7,1504,2,1346,2005,0,3182,1
287000,8,2898,2,1565,1976,23,15498,1
112500,5,882,2,882,1972,5,7700,0
167500,5,1264,2,1268,1960,12,9300,0
293077,8,1646,3,1638,2007,23,9520,1
105000,5,1376,1,768,1941,12,9492,0
118000,6,1218,1,672,1972,2,1680,0
160000,5,1928,0,686,1916,22,7082,0
197000,7,3082,2,824,1920,22,15863,0
310000,8,2520,3,1338,1993,13,14541,1
230000,7,1654,3,1654,2002,5,8125,1
119750,5,954,1,920,1938,6,6305,3
84000,4,845,1,0,1957,7,11500,0
315500,9,1620,3,1620,2007,23,12898,2
287000,8,2263,2,1055,2001,5,9240,1
97000,4,1344,0,546,1970,10,1533,0
80000,4,630,1,630,1970,10,1477,0
155000,5,1803,2,1134,1957,18,13125,0
173000,6,1632,2,800,1966,16,9130,1
196000,6,1306,2,1306,2005,15,5381,1
262280,7,2329,2,1475,1990,19,11839,1
278000,8,2524,2,2524,1981,16,9600,1
139600,3,1733,2,0,1955,7,13680,0
556581,9,2868,3,1992,2005,21,16056,2
145000,5,990,2,990,1994,5,9245,0
115000,5,1771,2,0,1960,11,21750,0
84900,4,930,1,0,1946,7,11100,1
176485,7,1302,2,1302,2007,8,8993,1
200141,7,1316,2,1316,2007,5,11175,1
165000,6,1977,2,816,1964,12,9500,0
144500,5,1526,1,1216,1957,7,8562,0
255000,8,1989,2,1065,2002,5,11367,1
180000,6,1523,2,1193,1976,16,11361,0
185850,7,1364,2,1364,2005,15,7052,1
248000,7,1850,2,973,1994,13,29959,1
335000,9,2184,3,1104,2008,15,11308,2
220000,6,1991,2,854,1932,6,11275,0
213500,8,1338,2,1338,2001,21,4920,1
81000,3,894,3,894,1935,9,18000,0
90000,5,2337,2,662,1900,17,13600,0
110500,6,1103,2,1103,1925,17,6000,1
154000,5,1154,2,1154,1966,12,11000,0
328000,7,2260,2,1306,1996,4,14000,1
178000,6,1571,2,799,1993,8,7837,0
167900,6,1611,2,780,1964,12,9760,0
151400,6,2521,2,942,1973,10,3964,0
135000,5,893,2,845,1949,12,9600,1
135000,5,1048,1,1048,1956,12,10152,0
154000,6,1556,2,727,1968,16,11700,0
91500,5,1456,1,810,1948,7,7585,0
159500,6,1426,2,690,1977,7,7950,0
194000,7,1240,3,1240,2006,5,8556,1
219500,7,1740,1,800,1940,6,13125,0
170000,5,1466,2,796,1936,17,10800,1
138800,5,1096,1,1096,1969,12,15870,0
155900,6,848,2,848,2004,5,4435,1
126000,5,990,1,990,1994,5,8775,0
145000,6,1258,2,1258,1971,16,11040,1
133000,5,1040,1,1040,1963,18,7500,0
192000,7,1459,2,1459,2002,5,8749,1
160000,6,1251,1,1251,1964,12,8800,0
187500,6,1498,2,691,1995,8,13031,0
147000,6,996,2,936,1992,19,9069,1
83500,4,1092,1,546,1973,10,1974,0
252000,8,1953,3,1082,2005,20,10574,1
137500,7,1709,2,970,2004,7,2522,1
197000,8,1247,2,1247,2005,20,3316,1
92900,3,1040,2,0,1950,12,8544,0
160000,7,1252,2,600,1999,20,2160,1
136500,6,1694,2,1181,1925,22,8400,0
146000,5,1200,2,864,1965,12,9230,1
129000,5,936,1,936,1956,12,5868,0
176432,6,1314,2,1314,2006,5,9317,1
127000,6,1355,0,684,1914,9,6882,1
170000,8,1088,2,1074,1986,21,3696,1
128000,4,1324,1,672,1936,3,6000,0
157000,7,1601,2,1271,1978,16,11880,0
60000,2,438,1,290,1920,22,8400,3
119500,5,950,1,950,1971,12,9758,0
135000,5,1134,1,1010,1960,12,7000,0
159500,6,1194,2,655,1959,12,8910,0
106000,5,1302,2,630,1970,2,2016,0
325000,8,2622,2,1463,1994,13,12256,1
179900,7,1442,2,910,1990,19,10357,1
274725,7,2021,2,868,2006,8,23257,1
181000,6,1690,2,924,2000,8,8063,0
280000,8,1836,3,1836,2004,15,11362,1
188000,6,1658,2,773,1995,8,8000,0
205000,7,1964,2,803,1976,16,10480,0
129900,5,816,1,816,1957,12,7100,0
134500,5,1008,1,1008,1953,12,8923,1
117000,5,833,1,833,1954,17,5400,1
318000,8,1734,3,1734,2007,15,12085,2
184100,8,1419,2,408,2002,8,7750,1
130000,5,894,2,894,1967,18,9764,1
140000,5,1601,1,533,1958,18,13825,0
133700,5,1040,1,1040,1959,12,7560,0
118400,6,1012,1,1012,1920,9,8263,0
212900,7,1552,3,1552,2005,5,10084,1
112000,4,960,1,672,1956,7,8926,0
118000,5,698,0,698,1947,7,9405,0
163900,7,1482,2,384,1992,8,9125,1
115000,4,1005,2,1005,1955,12,10434,3
174000,7,1555,3,1373,2007,0,3684,1
259000,7,1530,3,1530,2004,8,14572,1
215000,7,1959,2,847,2004,8,11796,1
140000,5,936,2,936,1980,17,7200,0
135000,4,1981,2,1122,1928,22,7804,1
93500,5,974,0,974,1991,11,10712,0
117500,6,2210,1,1008,1880,17,9900,3
239500,8,2020,2,1128,1995,19,9828,1
169000,6,1600,2,916,1997,8,8773,0
102000,6,986,1,960,1926,3,6180,0
119000,6,1252,1,1032,1950,12,9600,0
94000,5,1020,0,780,1875,18,6342,0
196000,6,1567,2,1567,1977,11,9819,1
144000,5,1167,2,915,1920,3,8731,0
139000,5,952,2,952,1951,12,7350,0
197500,5,1868,2,780,1976,16,10304,1
424870,8,2828,3,1466,2006,5,9965,1
80000,5,1006,0,1006,1959,18,9000,0
80000,4,924,1,672,1941,7,12180,3
149000,5,1576,1,1042,1928,3,6240,0
180000,6,1298,2,1298,1985,19,11200,1
174500,7,1564,1,704,1941,6,12000,3
116900,7,1111,1,572,1926,17,5700,0
143000,7,1482,2,650,1920,17,9000,0
124000,6,932,1,932,1950,12,8280,1
149900,5,1466,2,1466,1959,7,17755,3
230000,6,1811,2,1073,1956,6,14115,2
120500,6,816,1,816,1930,9,5890,0
201800,7,1820,2,864,1965,12,13700,1
218000,5,1437,2,1437,1976,24,10768,1
179900,5,1265,2,1219,1965,12,9350,1
230000,7,1314,2,1314,2007,15,5001,1
235128,8,1580,3,1580,2007,20,11932,1
185000,6,1876,2,901,1974,16,9120,1
146000,6,1456,2,855,1978,14,2280,0
224000,6,1640,2,1296,1954,6,14778,1
129000,5,894,2,894,1968,18,8724,0
108959,4,1258,2,1198,1969,18,12900,0
194000,5,1432,2,1360,1978,24,16157,1
233170,7,1502,2,1502,2009,15,9541,1
245350,8,1694,3,1694,2008,5,10475,1
173000,6,1671,2,959,2000,8,10852,0
235000,6,2108,2,1127,1935,7,13728,1
625000,10,3627,3,1930,1995,13,35760,1
171000,6,1118,1,1096,1977,11,9880,0
163000,6,1261,2,1261,1958,12,9120,0
171900,7,1250,2,625,2006,20,4017,1
200500,5,3086,0,1598,1946,4,18030,2
239000,6,2345,2,952,1932,6,16560,0
285000,8,2872,2,1683,1992,13,10678,1
119500,5,923,1,876,1984,11,6951,0
115000,6,1224,1,818,1926,17,3950,0
154900,5,1343,1,731,1921,6,7681,0
93000,5,1124,0,0,1954,7,8335,0
250000,7,2514,2,1216,1990,23,11170,0
392500,8,1652,2,1600,2008,6,5587,1
745000,10,4476,3,2396,1996,13,15623,2
120000,5,1130,2,1120,1920,17,10800,0
186700,5,1572,3,1572,1963,23,35133,0
104900,5,1221,1,784,1924,7,9738,0
95000,3,1699,2,978,1900,17,10615,0
262000,8,1624,3,1624,1994,13,12461,1
195000,7,1660,2,831,2002,5,8935,1
189000,7,1804,2,994,1999,8,7500,1
168000,4,1622,4,1249,1961,11,32463,0
174000,8,1441,2,776,1999,20,2645,1
125000,5,1472,1,702,1925,17,9600,1
165000,6,1224,2,1224,1999,11,4500,0
158000,6,1352,1,663,1969,18,9364,0
176000,6,1456,2,728,2005,8,8029,1
219210,7,1863,3,879,2006,8,14054,1
144000,7,1690,1,815,1916,17,8850,0
178000,7,1212,2,1212,2001,5,9100,1
148000,4,1382,2,1051,1963,18,11235,0
116050,4,864,1,864,1970,12,9353,0
197900,7,1779,2,866,1998,5,10400,1
117000,5,1348,1,884,1925,3,6000,0
213000,7,1630,2,1630,2000,5,9750,1
153500,5,1074,2,1056,1975,16,10140,0
271900,7,2196,3,2158,1990,19,14684,1
107000,4,1056,1,1056,1966,19,8900,0
200000,6,1700,2,1682,2003,5,9135,1
140000,5,1283,2,931,1962,12,7763,0
290000,8,1660,2,1660,2006,20,10182,1
189000,6,1845,2,1055,1992,19,11218,1
164000,8,1752,2,559,1988,8,12134,0
113000,4,672,1,672,1941,7,9340,0
145000,4,960,1,648,1965,18,10246,0
134500,5,999,1,925,1962,12,10205,0
125000,5,894,1,894,1966,18,7094,0
112000,6,1902,2,0,1978,18,8930,0
229456,8,1314,2,1300,2009,20,8640,1
80500,4,912,0,0,1947,3,6240,0
91500,6,1218,0,672,1971,2,1680,0
115000,5,912,1,912,1964,12,7800,0
134000,5,1211,1,952,1968,18,8250,0
143000,6,1846,1,1040,1949,12,10496,0
137900,5,2136,2,2136,1951,12,10680,0
184000,7,1490,2,788,2004,8,15384,1
145000,6,1138,1,588,1958,12,10482,0
214000,6,1933,3,894,2007,20,14598,1
147000,5,912,2,912,1965,12,8872,1
367294,9,1702,3,1702,2008,15,8769,2
127000,5,1507,1,1075,1960,12,7910,0
190000,5,2620,2,1361,1977,18,18890,0
132500,5,1190,2,1106,1962,12,7728,0
101800,4,1224,2,0,1962,12,9842,0
142000,5,1188,2,1188,1959,12,12160,0
130000,5,1964,0,940,1911,22,8525,0
138887,5,1784,1,747,1914,6,13132,0
175500,7,1626,2,764,2003,15,2628,1
195000,7,1948,2,847,2004,5,12393,1
142500,6,1141,2,1141,2005,19,13072,0
265900,8,1484,2,1476,2006,23,9037,2
224900,7,1768,2,884,2003,5,8158,1
248328,7,1689,3,1689,2007,20,9849,1
170000,7,1173,2,1053,1974,16,10625,1
465000,10,2076,3,2076,2006,15,13891,2
230000,8,1517,2,792,1929,6,11435,1
178000,6,1868,2,585,1984,16,12090,0
186500,7,1553,2,756,2005,20,8125,1
169900,6,1034,3,1012,1976,11,12328,0
129500,6,2058,2,735,1917,17,9600,0
119000,5,988,1,876,1950,12,7200,0
244000,7,2110,2,2110,1968,12,11160,2
171750,7,1405,2,1405,2003,15,3136,1
130000,5,874,1,864,1968,11,9858,0
294000,7,2167,2,1192,1974,24,17542,1
165400,7,1656,2,746,2003,7,6931,1
127500,6,1367,1,884,1931,3,6240,0
301500,8,1987,2,1986,1994,13,14303,1
99900,5,864,0,864,1922,7,4060,0
190000,7,1166,2,856,2005,8,9587,1
151000,6,1054,2,1054,1969,12,9750,0
181000,6,1675,2,841,1999,8,24682,0
128900,5,1050,1,1050,1956,12,9600,0
161500,4,1788,1,1104,1957,4,11250,0
180500,6,1824,2,764,1919,3,13515,0
181000,6,1337,2,1405,1998,12,4060,1
183900,7,1452,2,691,1999,20,3735,1
122000,7,1889,1,925,1910,17,10120,0
378500,9,2018,3,2002,2008,23,13214,2
381000,8,3447,3,728,1935,6,14100,1
144000,5,1524,1,874,1958,12,11344,0
260000,7,1524,2,1332,1979,4,23595,1
185750,6,1489,2,1489,1968,16,9156,1
137000,5,935,1,935,1965,18,13526,0
177000,6,1357,1,1019,1959,7,11512,2
139000,5,1250,2,661,1910,6,5362,0
137000,5,1920,2,928,1948,12,11345,0
162000,6,1395,2,723,1972,16,12936,0
197900,6,1724,2,1680,1967,16,17871,0
237000,8,2031,2,1128,2002,5,9473,1
68400,4,1128,2,698,1920,9,7500,0
227000,7,1573,2,1573,2002,5,9808,1
180000,7,1339,2,1309,1990,23,8049,0
150500,5,1040,2,1040,1977,5,8800,1
139000,6,1824,0,912,1971,11,9400,0
169000,6,2447,1,804,1919,22,9638,1
132500,6,1412,1,780,1939,3,6000,0
143000,6,1328,2,1328,1963,16,9790,0
190000,5,1582,2,1624,1964,4,36500,0
278000,8,1659,2,1501,2000,21,5664,2
281000,8,1970,3,1085,2006,15,11065,2
180500,5,1152,2,1152,1964,12,14112,0
119500,5,1302,1,630,1972,2,1680,0
107500,5,2372,1,994,1892,17,6600,0
162900,7,1664,2,832,1976,16,10140,0
115000,5,864,2,864,1955,7,8172,0
138500,5,1052,1,1052,1968,12,8400,0
155000,5,1128,2,1120,1963,12,8700,0
140000,6,1072,2,547,2005,7,3675,0
160000,10,5642,2,6110,2008,7,63887,2
154000,5,1246,1,1246,1959,12,7500,1
225000,7,1983,2,978,1999,8,10762,1
177500,6,1494,1,771,1942,6,7500,1
290000,8,2526,3,1165,1994,13,10120,1
232000,7,1616,3,1616,2005,20,8688,1
130000,7,1708,2,976,2004,7,3363,1
325000,9,1652,2,1652,2006,15,13173,2
202500,7,1368,2,1368,2005,15,6955,1
138000,5,990,2,990,1994,5,8072,0
147000,5,1122,2,924,1948,17,12000,1
179200,6,1294,2,1278,1991,19,7153,1
335000,7,1902,2,1902,1959,6,17500,2
203000,7,1274,2,1274,2005,5,8814,1
302000,8,2810,2,1453,1990,13,9572,1
333168,9,2599,3,1393,1999,13,14774,1
119000,4,948,1,948,1954,7,8190,0
206900,6,2112,2,952,1969,12,11075,0
295493,8,1630,3,1622,2008,5,10226,2
208900,7,1352,2,1352,2006,20,4230,1
275000,8,1787,3,1753,2001,5,14781,1
111000,4,948,1,864,1954,7,10215,0
156500,6,1478,2,1478,1957,12,8400,0
72500,3,720,1,0,1949,3,6627,0
190000,7,1923,2,750,1992,13,10186,1
82500,4,708,0,420,1940,3,5330,3
147000,8,1795,3,1795,2006,20,9986,1
55000,4,796,0,796,1922,9,3636,0
79000,3,774,0,544,1931,7,4270,1
130500,5,816,1,816,1982,11,6600,1
256000,6,2792,2,1510,1920,17,10440,0
176500,7,1632,2,935,1998,8,9084,0
227000,8,1588,3,1588,2006,20,10000,1
132500,5,954,2,911,1976,5,10780,0
100000,4,816,1,816,1938,7,8877,0
125500,5,1360,1,803,1938,9,7200,1
125000,5,1365,2,765,1970,2,2368,0
167900,6,1334,2,1350,1977,16,9650,0
135000,5,1656,2,1656,1973,16,9246,0
52500,4,693,0,693,1941,17,4118,3
200000,7,1861,2,916,2002,5,13450,1
128500,5,864,1,864,1972,5,9560,0
123000,4,872,4,858,1971,12,8294,0
155000,6,1114,2,1114,2003,19,13695,1
228500,8,2169,2,1284,2002,5,9375,1
177000,6,1913,2,896,1928,6,7558,0
155835,7,1456,2,728,2006,5,11103,1
108500,4,960,1,960,1920,17,6000,3
262500,7,2156,2,1568,1968,16,20781,0
283463,8,1776,3,1732,2006,23,15306,1
215000,7,1494,2,1482,1998,19,16196,1
122000,8,2358,0,684,1872,17,5250,0
200000,5,2634,4,1248,1969,12,11643,0
171000,6,1716,2,858,1962,12,9247,0
134900,6,1176,2,698,1937,3,6000,0
410000,8,3238,3,2033,1995,13,14720,1
235000,7,1865,3,992,2000,5,10316,1
170000,7,1920,2,570,1968,16,10192,1
110000,5,892,1,864,1966,12,9477,0
149900,5,1078,2,1078,1971,12,12537,0
177500,6,1573,2,756,2000,20,2117,1
315000,9,1980,3,1980,2004,15,16737,2
189000,5,2601,2,612,1921,22,9842,0
260000,7,1530,2,1530,2005,21,16158,1
104900,4,1738,1,715,1920,12,12513,0
156932,6,1412,2,616,2006,8,8499,1
144152,7,1200,2,600,2005,20,3180,1
216000,7,1674,2,814,2000,20,7500,1
193000,7,1790,2,873,1999,5,9179,1
127000,5,1475,1,757,1977,10,2665,0
144000,6,848,2,848,2003,5,4435,1
232000,8,1668,2,1657,2003,5,10635,1
105000,4,1374,1,840,1920,17,5400,0
165500,6,1661,1,992,1955,12,9600,1
274300,7,2097,2,1108,1998,5,9750,1
466500,10,2633,3,2633,2001,13,11400,2
250000,7,1958,3,1026,2005,20,10625,1
239000,8,1571,3,1571,2007,23,10991,1
91000,6,790,1,768,1930,22,6292,0
117000,5,1604,2,984,1941,7,10998,0
83000,6,987,1,483,1973,2,1953,0
167500,5,1394,2,384,2006,23,9735,1
58500,3,864,1,864,1914,7,8212,0
237500,6,2117,2,1205,1970,12,12925,0
157000,7,1762,2,596,1920,17,7200,1
112000,5,1416,2,816,1918,18,25339,1
105000,6,1258,1,560,1939,7,9060,0
125500,4,1154,1,796,1922,9,5436,1
250000,7,2784,2,1392,1978,16,16692,1
136000,6,2526,1,714,1916,17,8520,1
377500,9,1746,3,1746,2006,8,14892,2
131000,6,1218,2,735,1941,3,6000,0
235000,7,1525,2,1525,2000,5,9100,1
124000,5,1584,3,1584,1967,12,8944,0
123000,5,900,1,864,1967,12,7838,0
163000,6,1912,2,482,1905,17,10800,0
246578,7,1500,3,1356,2006,0,4045,1
281213,8,2482,3,1094,2005,23,12665,1
160000,5,1687,2,747,1948,23,57200,0
137500,5,1513,1,939,1920,3,6120,0
138000,5,1904,1,1208,1950,12,7200,0
137450,6,1608,1,976,1925,22,6171,1
120000,6,1158,1,862,1929,3,6000,0
193000,6,1593,2,839,2004,8,7415,0
193879,7,1294,2,1286,2006,5,6762,1
282922,8,1464,3,1485,2007,20,15256,1
105000,3,1214,3,672,1915,17,10410,0
275000,8,1646,2,1594,2004,6,3842,1
133000,5,768,2,768,1972,5,8445,0
112000,5,833,0,833,1985,11,8780,0
125500,4,1363,2,622,1910,17,7740,0
215000,7,2093,2,791,1986,16,20544,0
230000,7,1840,2,944,2001,5,12420,1
140000,6,1668,1,856,1950,12,9600,0
90000,4,1040,2,0,1949,12,7200,0
257000,8,1844,2,1844,2005,19,10994,1
207000,6,1848,2,833,1923,3,13053,1
175900,7,1569,3,1386,2007,0,3635,1
122500,4,2290,2,777,1885,17,11340,0
340000,8,2450,3,1284,1998,13,16545,1
124000,5,1144,1,1144,1963,12,9204,0
223000,6,1844,2,1844,1969,6,16381,1
179900,6,1416,2,708,1968,16,11700,0
127500,6,1069,2,1069,1977,14,4043,0
136500,6,848,2,848,2003,5,4435,1
274970,6,2201,2,697,1966,7,19690,1
144000,5,1344,1,1024,1958,12,9503,0
142000,6,1252,2,1252,1959,12,10721,1
271000,7,2127,2,1223,1994,13,10944,1
140000,5,1558,1,913,1945,12,10930,0
119000,5,804,1,788,1940,17,7200,1
182900,6,1440,2,1440,1981,16,12546,1
192140,5,1838,2,732,2005,8,21930,0
143750,6,958,2,958,1976,14,4928,0
64500,4,968,1,656,1927,17,10800,0
186500,6,1792,2,936,2000,8,10261,0
160000,5,1126,2,1126,1977,11,17400,0
174000,6,1537,2,1319,1962,12,8400,1
120500,4,864,2,864,1971,12,9000,0
394617,8,1932,3,1932,2008,15,12444,2
149700,6,1236,2,912,1957,17,7407,0
197000,7,1725,2,539,1979,16,11584,0
191000,6,2555,2,588,1922,6,11526,0
149300,6,848,2,848,2004,5,4426,1
310000,10,2007,3,1017,2008,20,11003,2
121000,6,952,1,952,1916,3,8854,3
179600,7,1422,2,1422,2004,5,8500,1
129000,6,913,1,814,1966,18,8400,0
157900,5,1188,1,1188,1962,11,26142,0
240000,8,2090,2,1220,1995,5,10000,1
112000,4,1346,1,560,1910,7,11767,0
92000,5,630,0,630,1970,10,1533,2
136000,5,1792,0,896,1974,12,9000,0
287090,8,1578,3,1573,2008,20,9262,2
145000,5,1072,2,547,2005,7,3675,0
84500,5,1140,0,1140,2006,11,17217,0
185000,7,1221,2,1221,2004,20,7500,1
175000,6,1647,2,953,1999,8,7917,0
210000,6,2073,2,1542,1978,16,13175,0
266500,7,2340,1,1152,1941,6,9042,1
142125,5,1078,1,1078,1950,12,9717,1
147500,5,1256,1,1256,1965,7,9937,0
